F,A,A,C,U,E,G,V,S,Q,Y,V,K,N,Y,C,V,B,N,Z
Q,Q,K,K,P,R,G,E,O,R,G,I,A,M,T,Y,I,P,V,G
Q,U,L,U,T,D,N,E,W,H,A,M,P,S,H,I,R,E,X,C
C,D,K,N,E,W,J,E,R,S,E,Y,I,Z,M,W,G,N,J,Z
I,M,L,R,E,U,N,J,T,R,N,Q,Y,Z,U,P,I,N,B,L
I,W,I,D,E,U,Q,X,T,S,O,J,W,S,Y,D,N,S,N,T
C,E,V,M,F,G,T,B,H,S,R,R,L,V,O,G,I,Y,H,A
O,B,S,A,Q,K,M,R,K,C,T,L,L,U,D,L,A,L,O,M
N,R,R,S,W,E,W,K,R,K,H,T,H,W,Z,O,O,V,B,T
N,W,H,S,J,N,T,K,N,G,C,T,G,H,W,I,N,A,W,W
E,X,O,A,L,O,L,H,V,E,A,S,O,C,L,X,E,N,F,E
C,S,D,C,D,E,L,A,W,A,R,E,J,K,O,V,W,I,C,L
T,J,E,H,M,Y,J,C,H,M,O,V,Q,R,K,J,Y,A,B,L
I,B,I,U,G,T,X,M,W,H,L,P,Q,O,B,M,O,M,L,C
C,M,S,S,T,U,V,S,Q,T,I,Z,S,L,X,V,R,X,G,H
U,K,L,E,J,R,P,E,K,E,N,J,O,H,W,K,K,T,E,S
T,Z,A,T,G,L,C,I,N,R,A,V,X,N,U,P,G,D,P,O
Z,U,N,T,Y,P,C,V,M,A,R,Y,L,A,N,D,B,N,P,I
P,I,D,S,J,E,Q,E,Z,A,V,A,B,J,E,S,A,A,C,J
M,C,U,A,G,C,V,D,S,H,R,P,Z,F,A,R,P,W,Y,E